region,country,gdp_per_capita,gdp_growth,exports_gdp_pct,imports_gdp_pct,agriculture_land_pct,unemployment_rate,industry_value_added_pct,household_consumption_pct,population_total,urban_population_pct,life_expectancy,infant_mortality,population_65plus_pct,health_expenditure_pc,health_expenditure_gdp,hospital_beds_per_1k,maternal_mortality,access_to_safe_water,primary_enrollment,secondary_enrollment,tertiary_enrollment,adult_literacy_rate,control_of_corruption,government_effectiveness,political_stability,regulatory_quality,rule_of_law,voice_and_accountability,electricity_access_pct,internet_users_pct,air_passengers,co2_emissions_pc
Middle East & North Africa,Afghanistan,507.0536911897187,-1.2879161321475845,14.998950114598838,44.64898630700853,58.371280069913986,11.432272727272727,14.804419378440148,94.11604330936115,37760316.36363637,25.82390909090909,62.8489,58.01,2.366242930538581,70.63518185222222,14.804846233333333,0.40625,645.3,70.93379338306501,107.7822596232095,54.7546157836914,9.749306678771964,35.66885170027917,-1.369637835025788,-1.560715222358705,-2.6087239980697623,-1.2336723685264581,-1.650696420669556,-1.2549427747726438,91.35,14.26234,1329881.54689906,0.21280766991719413
Europe & Central Asia,Albania,4634.295747485348,3.2522628730200336,31.136809217801666,44.27702919718674,42.0975802919708,12.882818181818182,23.291176628336554,74.21564843249318,2829793.1818181816,61.097454545454546,78.5674,7.9399999999999995,14.359745766117973,345.51859198666665,6.75930431,2.8585714285714285,8.5,94.30112111879203,102.55288231809095,99.61399951106097,62.9488821224317,98.25,-0.5086892873048782,0.02479531317949291,0.25903229489922514,0.2117772340774536,-0.3197205811738968,0.14892114177346222,99.98,68.44611,187315.2857142857,1.7203566153402077
Sub-Saharan Africa,Angola,2707.9783897997772,0.4661781796910973,38.39744796356834,26.279941189464218,36.784471003449106,15.93309090909091,45.30997251860847,52.177156617757525,32423964.363636363,66.10827272727273,62.5789,45.08,2.7340518074264355,90.86334737,2.7679947755555556,0.75,215.1,56.06604786874891,98.84742594458893,53.011952542622,9.642587579396485,66.1349983215332,-1.087604957818985,-1.046167355775834,-0.4545725852251052,-0.8268554925918582,-1.0230069518089289,-0.9474623620510096,44.44,31.6544,1141785.25,0.8885994344199235
Latin America & Caribbean,Argentina,12946.535461715875,-0.10731252217294808,14.574880988005733,14.088725345623153,43.16767589679503,8.305363636363637,23.373416148917947,66.13382452625797,44678667.90909091,91.986,76.216,9.129999999999999,11.623904938336036,1232.7736477322221,10.087403826666666,4.2225,42.2,98.98230998467034,109.2927478833283,110.1486502937189,94.86256444054824,99.1399993896484,-0.33399573117494574,-0.12052687592804434,-0.002455853752326194,-0.546684876084328,-0.46768178492784507,0.5164645940065385,99.96000000000001,79.59915454545454,13265952.72725,4.227157125919188
Europe & Central Asia,Armenia,4208.1350988477725,4.790909090954588,42.062309528842185,50.82431711899055,58.955775735472244,16.540636363636363,25.209405469935344,75.31106767519393,2982945.4545454546,63.33954545454546,74.95560975609757,11.01,12.072004980533,478.5756937677778,10.724574406666667,4.351428571428571,29.3,99.7356567214623,94.79158132156567,88.31939806192442,53.86723349036906,99.78599853515622,-0.2976896621985361,-0.2635519653558731,-0.5864909052848815,0.1773579705506563,-0.2162449046969413,-0.20458037815988067,99.91,68.97478,96213.4,2.158931160564476
Europe & Central Asia,Azerbaijan,5426.942709723083,1.497763446778004,46.92589823658635,35.034815520691645,57.79361191967452,5.448181818181818,48.380540389793296,54.19111850057959,9953614,56.10254545454546,72.5712,17.41,6.792421551396575,225.8775516088889,4.328342253333333,4.031666666666666,25.6,94.768773968312,102.12947850856446,92.54925071373208,33.215500722054216,99.79000091552732,-0.9599831521511085,-0.11920707486569877,-0.7603085398674012,-0.25588613003492355,-0.6296610236167908,-1.511447489261627,100,81.77,1797349.625,3.670610101121408
Middle East & North Africa,Bahrain,24390.21573872086,2.836838886100223,80.32627526476853,67.58237166858646,10.432309206163994,1.274,41.78391317333748,41.30107519432963,1478505.8181818181,89.41909090909091,80.1291,6.58,3.0794486077260927,1098.47639974,4.433173392222223,1.835,13.8,99.92442176526046,98.2912737579765,101.71611923425841,50.611818484171735,97.84666697184244,0.03159610368311404,0.4238174706697464,-0.7072047054767604,0.6882515430450443,0.4314828068017958,-1.397792172431945,100,97.80697272727272,4563143.25,24.042641952612037
South Asia,Bangladesh,1547.417156635831,6.273059287541139,13.312997791142635,19.192739538535694,71.38611489268665,4.624727272727273,31.739494082352692,68.79696000633895,165195770.36363637,37.396181818181816,71.9448,26.73,5.624919686661611,45.31915558666667,2.3231439866666665,0.7966666666666666,170.8,97.67466175623997,106.59000651639985,64.69041145642407,20.48833834663048,72.30444547865126,-0.9614275932312012,-0.7394297063350678,-1.0440713346004487,-0.8892274022102356,-0.6489387214183807,-0.6720985949039459,87.35000000000001,28.15457,4274856.183190629,0.6301235039424737
Europe & Central Asia,Belarus,6235.924437158923,0.6970051014670003,63.980550902129444,62.734233291695155,41.21037614188627,4.595272727272727,32.04683275629885,53.587063008136305,9356283.636363637,78.98936363636363,73.54508292682928,2.53,15.560993733070754,402.4093594022222,6.0158439744444445,9.8533333333333335,1.3,98.57073879456374,97.22713214745382,100.56037425161944,83.05771505630844,99.870002746582,-0.28017736412584776,-0.5800695687532424,-0.21055676154792305,-1.0184026122093193,-0.9774412572383883,-1.470292055606843,99.02,79.63391818181819,1949235.875,6.34419917313517
Latin America & Caribbean,Belize,5963.814172128612,3.0294527326982794,50.15906550954334,50.27523323985806,7.645769399386234,8.318454545454545,15.070611997662272,62.18851154810544,384207.9090909091,45.95409090909091,72.0141,11.83,4.430585439632336,292.92508273666664,4.804228993333333,1,74.1,97.92283896106329,109.35440746417567,85.63348165929897,24.28808367751597,89.39999771118164,-0.2251906603574752,-0.5616771370172501,0.21687650384847085,-0.5023218244314194,-0.8234997868537902,0.5309889733791351,94.78999999999999,56.536030000000004,1038377.3422598676,0.659753931269301
Sub-Saharan Africa,Benin,1122.8551033035128,5.615735448528807,24.39261051454452,29.29259497471747,38.81004398722951,1.6458181818181818,16.27478604960004,68.11632265186321,12732295.818181818,47.88372727272727,59.7553,52.39,3.0509392064217455,30.91323895,2.694647047777778,0.44625,579.1,66.44541866471117,112.7292327880859,49.14058113098143,11.430676566229936,45.77000045776367,-0.3409864783287048,-0.4530727460980416,-0.2072270793840289,-0.4764630436897277,-0.6177187114953994,0.07916265688836568,41.07,20.2502,57851.666666666664,0.5589927673647531
South Asia,Bhutan,3204.187801919037,3.6661127553689425,29.303344917240413,51.012490474147754,13.62539611478713,3.512090909090909,34.6752247332478,51.15973826633917,764073.8181818182,41.55072727272727,71.7979,21.64,5.98156232302023,110.57280985555556,3.468977,1.87,56.6,98.42394988188865,103.8459591748811,87.7377784915032,14.988507073603962,65.7350006103516,1.424499261379242,0.44577243626117713,1.0183713793754583,-0.5038306206464762,0.5745485574007034,0.06908062258735294,98.38,64.57834,195864.25,2.182933847126949
Latin America & Caribbean,Brazil,8917.576533618874,0.831786436288487,15.34849559140503,15.217943936150396,28.28363966145578,10.508818181818182,20.163717470544533,63.60936723276392,206809253.72727272,86.79590909090909,75.0099,13.23,9.283263650186038,848.6481051988889,9.269750594444444,2.35,76.2,98.65422339927301,107.44510904947911,103.87899356418188,52.1734224955241,93.64675717868731,-0.4717014044523238,-0.3846127405762672,-0.410733576118946,-0.16951315179467202,-0.23737111687660212,0.3660631507635115,99.74,72.43127272727273,88163859.375,2.3733429719963266
Sub-Saharan Africa,Burkina Faso,699.1516489245558,4.663557848796677,28.76481881420398,32.356426118929356,51.262021016081874,4.863909090909091,27.089450156484062,64.85945322879442,20926725.363636363,30.00809090909091,59.8308,51.08,2.589823467900673,44.587339613333334,5.807859208888889,0.2,308.9,49.804029043086565,84.93526572559794,35.1027551053428,7.366417952298187,37.15700495266395,-0.19116025716066354,-0.7136910021305085,-1.2586833536624915,-0.4438805401325226,-0.5165822446346282,-0.24589484818279733,17.97,10.025401,136070.4171095041,0.23516103964241464
Sub-Saharan Africa,Cabo Verde,3767.413985732288,3.259497231517573,38.40948775942785,55.47507082301802,19.602977667493796,12.450636363636363,12.972522679934215,69.84433839353812,515996.63636363635,66.16136363636363,74.7441,14.2,5.845440275537343,210.04334852444444,5.357307701111111,1.926,45.9,87.64802624030507,104.71732194181678,96.65095274695233,23.66759640578642,87.6300010681152,0.895483905076981,0.13177967197261747,0.8132459729909897,0.019760270603001073,0.4264455378055572,0.9506439983844757,91.43,59.78263,447770.71675,1.759439161874412
East Asia & Pacific,Cambodia,1857.376841504513,5.780748792097918,61.727915322632214,67.03677326332748,33.43221697258101,0.31681818181818183,36.8693926739721,67.339072696048,16515109.818181818,23.851,69.8668,24.25,5.2645800262215365,93.42386203333334,4.837065115555555,0.83,160.1,74.29747633870572,104.53921007078249,53.21088824062814,14.800671958894112,80.15583358018344,-1.261035621166229,-0.5684761047363283,0.0027538998052478456,-0.5892820894718169,-0.9765116989612589,-1.233777642250062,79.76,41.113954444444445,1003511.8214329837,0.8147830943926687
Sub-Saharan Africa,Cameroon,1444.8730839823413,3.7408162143128774,18.44584673703663,22.012014861135366,20.750058175202554,3.636181818181818,24.87043118276133,72.69342741973253,25543096.818181816,56.95454545454545,61.1774,47.76,2.7999817822038064,63.39725918222222,4.0653913,2.65,350.4,67.49425998169022,112.3975743389535,52.83303235923818,15.562192269863855,72.5500030517578,-1.160828065872191,-0.8678227424621581,-1.285334330797196,-0.8727672934532165,-1.0612265527248386,-1.0899825811386097,63.42,31.15078,211306.75,0.3998842055413854
Sub-Saharan Africa,Chad,920.8842210297448,2.8453928187165047,25.900570210869997,19.088169838773904,39.95999841168996,1.1638181818181819,29.643993949140455,63.32624032183115,16867447.454545453,23.38009090909091,52.7194,66.52,2.0593247738053875,34.98606024777778,3.7382227033333333,0.47,983.9,49.7640302392168,86.05924816045993,22.138487730607988,3.67079090573048,26.4699993133545,-1.439320969581604,-1.511475598812103,-1.3633871555328363,-1.164432144165038,-1.313494706153869,-1.4021572232246409,10.06,8.034111,28332,0.1254364637768276
Latin America & Caribbean,Chile,13724.119119594816,2.015531080817629,30.756129720808698,30.671418681107475,15.880502629811824,8.034090909090908,28.775975447647117,61.22573323125359,18966585.818181816,87.66963636363636,80.0078,6.3100000000000005,12.423969854957136,1367.1930786120001,9.182278013,2.08,12.5,99.83148578339086,100.89363479614252,103.44134063720713,92.151904296875,96.63500213623045,1.058387362957,0.7926999807357792,0.2551440609619021,1.1741816103458405,0.9508379876613612,1.0008372426033016,99.94,83.92305,15302454.875,4.639875394756529
Latin America & Caribbean,Colombia,6427.043981857133,2.732054295516152,16.166117736545683,22.115817044642306,39.27106605678233,10.422636363636364,26.259217729655347,70.24687015055837,49709094.36363637,81.076,75.9723,12.61,8.219159732162852,509.417648314,7.83210392,1.697142857142857,78.5,96.70132101565942,111.08699035644533,100.12180836995434,56.76015260484482,95.06779097699904,-0.3478336989879609,-0.061546995304524926,-0.8643303751945492,0.2660698413848877,-0.3755419209599496,0.11832938734441985,98.92,65.09598,29191202.2155,1.7323404814698244
Latin America & Caribbean,Cuba,7668.402591569108,0.004369279248308544,22.257213908215462,24.94143682319972,60.98771960595934,1.9663636363636363,23.890553509576346,57.17307892783479,11169300.090909092,77.17063636363636,77.1602,5.47,15.255193243210154,1006.0241437614286,12.089882322222222,4.13125,52.9,94.06763887282126,100.87917608825057,98.29963424644656,43.23661328591629,97.6500015258789,0.03069393625482916,-0.20638971424195912,0.5606894671916961,-1.413322043418885,-0.470568209886551,-1.453895998001098,99.56,57.54397,731048.5,2.2091322549237193
Latin America & Caribbean,Dominican Republic,7831.028147739806,5.019037738557429,22.870792385392683,28.623215175616675,52.64287432712715,6.365181818181818,28.16473567818964,69.56230895693167,10887823.454545455,81.62809090909091,73.1377,30.46,6.628110480120949,356.23382229333333,4.598393281111111,1.4028571428571428,115.4,95.97360286280131,105.8060263376337,78.75294194276425,55.7485281301104,93.39601113781775,-0.7214499950408935,-0.24902524075005192,0.1716695728711784,0.029397996142506617,-0.29304104149341575,0.2159315153956413,98.97,73.9787909090909,42847.333333333336,2.4487741380235635
Latin America & Caribbean,Ecuador,5951.962366286424,1.5336458519974436,25.804201764380426,25.36226196657706,22.038975680463842,4.144909090909091,28.133774458560296,63.50378922812537,17193050.181818184,64.05345454545454,75.793,11.97,7.367263983432394,473.15462578555554,7.7428194688888885,1.40875,68.7,94.4354333572695,99.41070306988333,96.19584518900803,53.96710726505158,94.31857190813338,-0.623547089099884,-0.3717013314366342,-0.19064545128494498,-0.849617633223534,-0.6975163638591767,-0.07510360428132122,99.11,61.863054545454546,4306040.818,2.407056377515345
Middle East & North Africa,"Egypt, Arab Rep.",3684.8685387380733,4.207918486650294,14.638136371874221,22.716167062287624,3.915696549299312,9.579181818181818,34.19028291185254,82.20292211912944,107242391.45454545,42.860454545454544,70.4788,18.88,4.581437330579884,147.88015747111112,4.785900751111111,1.26,24.7,98.73845836874882,93.16764996630285,79.03231355092285,34.777511401533744,77.5699694477584,-0.6376469671726227,-0.4770792692899703,-1.2372895896434792,-0.7222852408885956,-0.3887226119637489,-1.341175031661988,99.91,55.09777,10096939.747445274,2.3104874783769533
Latin America & Caribbean,El Salvador,4091.88175706238,2.4430408726650796,29.574300987286673,48.32062463499427,58.063223938223935,3.936,24.44698487074814,82.29405945902273,6238334.545454546,72.62154545454545,71.1373,10.95,7.5804476089937065,375.96438937777776,8.949384158888888,1.1125,43.8,96.93581467898134,95.31930157958229,66.49112627621655,29.494672253862372,88.92391260986284,-0.5373046815395354,-0.29374047517776497,-0.147948978911154,-0.12042432092130176,-0.7268784761428834,-0.0041980644688009655,97.36,45.8213,2257522.7498749997,1.1831391593795233
Sub-Saharan Africa,Ethiopia,757.7820148840477,7.796510945867582,7.992032277400384,21.032895364630857,33.6114023561653,3.0795454545454546,22.271828479561982,71.59689581248847,116087357.0909091,21.26709090909091,65.1956,42.24,3.046044130237789,24.913813485555554,3.444262901111111,0.315,299.8,45.80202062843199,94.40164801778832,33.9114221981431,5.9192507771213,54.47153150198015,-0.4598524421453476,-0.675759959220886,-1.6686885476112359,-1.0058100044727323,-0.5232417166233063,-1.185882055759432,45.23,14.648725,8412056.25,0.14104931873700638
Sub-Saharan Africa,"Gambia, The",669.7659619704323,4.068935148844014,13.82261989617421,35.07089023301326,62.944664031620555,6.072454545454545,16.677269797370084,86.20785604526881,2459776.090909091,61.88018181818182,64.0086,39.23,2.765623096286658,22.915910951111112,3.27731119,1.0516666666666667,445.8,83.29817515106835,92.08541970305014,107.027125590442,13.4765901565552,51.859999338785805,-0.5287856966257095,-0.7616154074668884,-0.022971348371356663,-0.6566487699747084,-0.5184710562229158,-0.5462473992258303,60.09,29.67728,77885.08997258916,0.22618642653164986
Europe & Central Asia,Georgia,4999.616292358594,5.460677732001352,45.35274328228969,58.08447103290277,34.355015110087784,13.355,20.060539102976566,73.56708643954,3716370,59.069545454545455,73.4848,8.45,14.722499149211664,351.26504855666667,7.4826586511111115,3.994285714285714,29.5,94.19631680191674,102.89249211387414,106.86036287106927,66.29895018399789,99.69088904299572,0.6944089889526366,0.5648725390434265,-0.4066041022539139,0.9413432657718662,0.2279334977269171,0.1633356934413314,99.99,65.59716,271811.875,3.089001408381617
Sub-Saharan Africa,Ghana,1934.1215303069123,4.309766738579115,32.84595360425981,35.9454840702451,54.64826071654973,3.826,30.270230637786753,76.83322781096625,31251840,56.679,64.129,33.38,3.4713282061856465,74.92029910666666,3.5905553255555556,0.7,273.6,84.16088440538867,99.96082068053099,70.2632334116844,17.60768878282664,67.0666287813498,-0.1500775694847107,-0.2251425571739674,-0.010091488622129033,-0.16761539131402978,0.002007442153990296,0.5070256859064102,82.08,44.33802,473125.625,0.6399319936367416
Latin America & Caribbean,Guatemala,4133.944848120698,3.576751387698203,18.183780817892867,30.036358592333784,42.320735349010825,2.498818181818182,22.278328150556202,85.72745256768916,17070374.727272727,51.49854545454546,70.9427,20.8,4.447813905779135,281.52840847444446,6.3620755411111105,0.49142857142857144,107.1,93.14525510077318,102.52147241482064,51.43251972240743,22.516762483867623,81.74734231097699,-0.9512608587741844,-0.7624791860580444,-0.4940421923995019,-0.3087427407503128,-1.0609337210655216,-0.3841336250305176,94.43,42.03322,88797.454375,1.0861534307824314
Latin America & Caribbean,Honduras,2388.4884431537316,3.35565977077683,40.800786711656066,60.91318002063703,31.23246045222987,7.019909090909091,25.898322323631945,81.87594898315669,9941248.181818182,57.704181818181816,71.5855,15.41,3.866031897934468,196.53051588222223,7.900363868888888,0.6425,56.8,94.16026286956173,84.81279639951885,53.92962842101466,22.88458617345413,87.92955134452706,-0.8522014617919927,-0.7330879986286163,-0.5214713841676711,-0.4818424254655838,-1.0392809033393864,-0.4958371818065644,91.67,39.87004,292130,1.0099868593566033
South Asia,India,1900.7732461501841,6.179969992784107,20.480294725429395,22.98451021365889,60.224069097501335,6.556454545454545,25.988017495875347,60.04930250870787,1385349359.1818182,34.53336363636364,70.0335,30.89,6.201412754681663,63.102299584444445,3.2734613944444444,1.66,113.4,90.96156408944822,110.59676462491242,77.26226093600077,29.686493772248454,76.3735526365395,-0.3324760556221009,0.1821833278983831,-0.8264365196228028,-0.22515478171408174,-0.015903225017245892,0.2655721735209227,94.09,26.501275,115679523.178125,1.8049916161891815
East Asia & Pacific,Indonesia,3741.5511799895353,4.291214915297675,20.988593829333805,19.924795191985268,28.396949500544775,3.8887272727272726,39.85381398958868,56.54867116389101,271833945.1818182,55.95881818181818,69.7267,19.8,6.527595217544048,117.99909464666666,3.042382531111111,1.18625,177,91.01694145623352,102.78797219641113,93.21399591996746,37.27215410345757,95.4760009765625,-0.4485642075538636,0.14970368426293149,-0.4927625983953474,0.08481568526476627,-0.30486969500780103,0.14633072167634972,98.32,46.262645454545456,82566114.02946734,2.1534869350167822
Middle East & North Africa,"Iran, Islamic Rep.",5301.496084283669,2.7396795051899505,23.29320978567871,24.06158348355304,28.714893015307172,10.538,36.30072692898054,48.481871376581104,86728150.63636364,75.33927272727273,75.9915,12.42,6.974563358415137,315.59806145666664,6.693972428888888,1.8716666666666666,24.5,97.18265237916651,104.823055267334,83.318572998046875,61.89048682318791,86.96030343929728,-0.9480366706848143,-0.605918149650097,-1.320477175712585,-1.450131320953369,-0.8807907342910769,-1.431238794326782,99.99,65.74684,18219107.101016562,8.016672055470806
Europe & Central Asia,Italy,31986.50550849739,1.0277447971366407,30.88479600214856,28.656062780830386,43.3795792292075,9.924909090909091,21.410433473556544,59.05106405025301,59646428.63636363,70.75609090909091,82.9909756097561,2.68,23.11990901117132,3007.788159181,8.898047351,3.197142857142857,7.7,99.9170340740928,101.84514923095706,101.3074600219727,66.58856658935547,99.3499984741211,0.2843107528984546,0.4604718446731569,0.4177137792110443,0.6567281186580659,0.3043454363942146,1.0257446527481089,100,71.55223636363637,22057596.375,5.582555877050119
Middle East & North Africa,Jordan,3964.7847944366854,2.235636539384639,36.46370382594242,55.135239767926045,11.68027386914062,16.967545454545455,24.50074295176993,78.68528663153249,10535560.454545455,91.16254545454545,75.9332,13.8,3.811393203805083,293.10815090666665,7.106340991111111,1.395,41.9,98.93976766711087,98.47061776324793,90.22502561742662,32.32042551022645,95.13999938964844,0.1289227982982993,0.1465888306498527,-0.3752596482634545,0.11664255838841206,0.2571620389819146,-0.7476273655891417,99.93,70.38069,2776713,2.3415036716341264
Middle East & North Africa,Kuwait,27025.94423888356,0.33644392571367954,54.039595289515056,39.5310904091216,8.433782267115602,2.4496363636363636,58.367254796617,39.54244464060176,4327567.7272727275,100,80.13998536585368,7.68,3.0229309230525754,1501.3473036022222,4.774676084444445,2.1142857142857143,17.1,100,90.49495825530798,94.22970199584961,54.643654154226425,96.0625,-0.14498857036232948,-0.0950562506914138,0.1275912307202816,0.05178255597129461,0.16409463929012427,-0.6478508651256562,100,94.17184,4367769.625,23.552754369348662
East Asia & Pacific,Lao PDR,2434.2993886372187,4.931439956335838,35.972077138487535,50.67790650065691,10.023266897746968,2.2037272727272725,30.86183487359208,69.83114087513289,7235544.818181818,35.66563636363637,67.67269999999999,41.56,4.266415587583646,55.56160566444444,2.367812501111111,1.3475,147.7,82.05554354016408,103.62785985756958,60.702806886619534,15.09532443290615,78.0066680908203,-0.9903565108776089,-0.5956784933805466,0.5905206024646757,-0.8478366136550906,-0.8303740501403808,-1.73251006603241,94.19,40.54983,930064.75,2.4953036149707053
Middle East & North Africa,Lebanon,7247.993154616299,-3.317907347207222,23.977960718810504,52.73469754292454,65.69504887585532,10.931799999999999,10.297396150961703,104.1325489666977,5984165.818181818,88.76490909090909,77.5161,12.94,8.492548093953818,577.4883761944444,7.288673507777778,2.825,20,91.96296972302568,77.47955279980161,63.09341314911156,48.73101310898693,92.3422390901828,-1.1047563016414652,-0.8642461568117149,-1.597297000885009,-0.6264775007963173,-0.9050552546977985,-0.5477904617786408,99.88,79.46858,2420593.75,3.9220158049625846
Sub-Saharan Africa,Madagascar,446.867037759888,2.9159726584676973,27.366661113748407,33.6050597494268,70.29047782743211,2.549181818181818,21.133842355392094,72.44021717543946,28276058.636363637,37.869727272727275,63.2404,44.26,3.0718518924554554,19.95558675222222,4.156024272222222,0.32,461.6,50.39387532709065,133.71418500747683,34.908274315144396,5.199187251926045,75.68500137329099,-0.9740162134170532,-1.1559284925460809,-0.4697917908430099,-0.7835656702518463,-0.868983459472656,-0.3255549654364586,30.39,10.013577,411100.3415,0.12899747428678351
East Asia & Pacific,Malaysia,10520.975282456628,4.18245454910242,69.35089223889754,62.460736710509636,25.940334804443765,3.6540909090909093,37.94515166998996,57.42302496639172,33270658.90909091,76.51881818181818,75.5255,6.69,6.545979496842867,407.90518866555556,3.8788445533333333,1.9224999999999999,32.1,97.08507777354224,93.8887101545434,78.18956487885231,40.47206158789198,95.10999908447266,0.20516755003482098,0.9522866308689122,0.16729095913469802,0.6648849844932557,0.4961985707283021,-0.19458027174405293,99.95,85.31497272727273,44689155.620375,7.779234393177006
South Asia,Maldives,10253.629519612836,6.268730349896706,72.17499088571206,72.3103671309203,20.846532438478746,5.319909090909091,10.656122655295755,46.415686163388074,481851.54545454547,40.24545454545454,79.2641,6.82,4.040148820562536,921.3674519855556,9.15486055,5.196666666666667,41.9,99.28218815571482,97.8106545765687,73.17886981337863,28.50566122027717,97.2650012969971,-0.4451234340667725,-0.1573754966259003,0.3906715257093309,-0.5357688844203949,-0.32573242895305177,-0.4249381333589552,99.96,70.62641,1027208.1295702775,4.737506025999976
Sub-Saharan Africa,Mali,874.1594035092845,4.5443242446314125,22.036524652500557,32.1315376469243,34.960032290053185,2.413,23.6844830061849,72.77448044639554,21140986.545454547,43.10727272727273,58.872,64.28,2.5195812094086647,30.213646783333335,3.802034537777778,0.244,434,77.76614040952747,72.0085716327479,39.29915449319797,5.331279119260055,34.27000045776364,-0.7609385550022126,-1.088850420713425,-2.0981149911880492,-0.6368879079818726,-0.8487942278385162,-0.5017923802137373,45.57,22.91316,0,0.2574656447886556
Sub-Saharan Africa,Mauritius,10248.326020506705,2.678913511445804,45.96067803050807,54.686470677662136,43.062463695543315,6.810363636363636,18.033923764784532,71.7580441519541,1263609.4545454546,40.870636363636365,74.08934146341464,13.51,10.911753690032933,577.9876708966667,5.767364821111111,3.555,64.8,99.91658429379541,99.24951102050692,92.84992899923681,41.734665313284154,93.13939948895477,0.29579893872141816,0.9155942738056174,0.8590859055519104,1.110974073410033,0.7884967505931852,0.7470384716987609,99.73,61.71962,1265208.5,3.218996704039603
Latin America & Caribbean,Mexico,10016.126275616785,1.5076901411661692,37.56655786554402,38.98438430829561,50.569034373312064,3.667727272727273,31.76718769989874,68.80374564898317,125500523,80.43754545454546,73.5544,12.47,7.314910183010061,559.6019558377777,5.531138421111111,0.9975,51.3,98.65836339065271,104.9310684204102,101.90786819458008,41.14852943420409,95.27425986939944,-0.937662625312805,-0.14797064289450634,-0.741065376996994,0.05292338188737622,-0.6451040893793107,-0.05713297423499174,99.59,64.76127,52655860.75,3.8159108723732795
Europe & Central Asia,Moldova,3301.1428821404093,2.1334551889276576,32.448854737625346,58.31631096953136,71.85439398962967,1.348090909090909,20.531241724570457,86.21123462329282,2657295.090909091,42.85463636363637,70.2979,13.84,13.723727770015763,278.6699083122222,7.419653414444444,5.7725,21.3,90.2633080415581,105.84346842583909,99.00233940898913,58.923181130073,99.3600006103516,-0.6715360701084137,-0.48034958988428106,-0.3783156409859657,-0.013168621412478316,-0.3819224566221238,0.008035460300743596,99.96000000000001,65.46246,924307.715875,3.3297818755167237
East Asia & Pacific,Mongolia,4124.773493084227,4.10333531247675,59.13817137484573,60.56518026290883,72.25483124882965,6.307090909090909,36.0653736968485,55.4889234182282,3259476.1818181816,68.615,71.10582926829268,13.47,4.278863925207726,224.8954755988889,5.235435697777778,8.03625,48.3,80.76485987455334,94.70381827993694,94.02008771425305,67.10293546026091,98.5304604213694,-0.4983142167329787,-0.35611356496810914,0.7089096188545227,-0.16772271154914037,-0.2692680090665815,0.2903223469853401,95.49,49.5928,496680,7.005737669893724
Middle East & North Africa,Morocco,3258.3752441406273,2.5221015352307643,35.10648849864024,44.237141042867314,67.4830014788259,9.584363636363637,25.42048221221115,60.123638551996486,36181297,62.97609090909091,73.7435,18.65,6.771852198491189,181.1909535722222,5.259593645555555,0.9550000000000001,86.4,83.44223323536067,110.953881554963,82.40667272023494,37.84389127527873,64.2600021362305,-0.3358714938163757,-0.1858197826892138,-0.3672631621360779,-0.11874549183994534,-0.2110249236226081,-0.6131927073001862,99.00999999999999,73.5963,6961712.75,1.8411474069508864
Sub-Saharan Africa,Mozambique,605.7404068908544,3.731327623121535,39.58548502432179,70.41639595299873,52.48611027747399,3.605909090909091,22.02928740121649,69.8972734853484,30014293.545454547,36.558454545454545,60.6655,50.2,2.773185066582041,40.48427412444445,7.660003078888889,0.7525,161.4,55.328464871833866,115.704238666138,35.24144744873047,7.00661271546711,59.53945501435338,-0.8174651384353638,-0.8413506031036379,-0.9540760487318045,-0.7098789185285567,-1.0084398031234727,-0.4768689557909965,29.14,11.995533,560601.2180183938,0.27827032450966405
South Asia,Nepal,1015.6734892455943,4.311375182774619,7.7437001328226485,36.99713947159577,27.021207534007672,10.995454545454546,12.533848708179566,83.17571603875459,28678105.454545453,20.201272727272727,68.8637,28.23,5.954088217672246,55.98709742333333,5.205311298888889,0.26375,185.2,89.71601971147557,131.2822140185046,79.62233862789579,14.462296636003009,67.02851140032966,-0.6371078610420227,-0.9522533059120178,-0.4980778992176056,-0.7408993601799011,-0.580863183736801,-0.18191041965037577,89.31,33.376819999999995,1853884.689,0.4703453134885992
Sub-Saharan Africa,Niger,525.6925503653637,5.623252676282624,16.204965897288314,26.01763488744456,36.62673087550328,0.5288181818181819,20.411611410320795,67.82571340564066,23012403.363636363,16.600454545454546,59.7104,69.01,2.508240197389363,29.22320811,5.246271928888889,0.2614285714285714,417.4,47.01061158090476,68.58186188659526,20.8993886741269,3.770032259681538,32.543343051288396,-0.6276635646820067,-0.7126256227493288,-1.369809877872467,-0.7474254965782164,-0.5996757417917253,-0.4391923516988754,17.990000000000002,12.875717777777776,14649.34,0.10597886910760149
Middle East & North Africa,Oman,18269.066324853007,1.9879664520558977,52.30235345557484,42.26946934112188,4.691954765751212,2.814090909090909,53.27326815918473,37.01847818420581,4580789,85.09136363636364,78.91890000000001,8.77,2.601677926327684,745.0296427388889,3.86361893,1.1442857142857144,21.8,91.34937295212221,98.08394108825338,99.10046655584142,44.88964747102271,95.70200042724608,0.22302606366574762,0.11346422284841529,0.6214132994413375,0.4313860848546029,0.4681516915559767,-1.094844043254854,100,86.61456363636364,6801545.625,18.723976585428815
Middle East & North Africa,Pakistan,1530.0122637660743,3.7457295131207413,9.624982109460168,18.16792492045649,47.23264321295143,4.421454545454545,19.40600494771204,82.87340252731052,231786548.1818182,36.985,66.2931,57.83,3.99511338698031,37.69268714111111,2.7626150977777777,0.5,182.7,90.03824334825373,77.46116396533587,38.56633033639536,9.943500688375519,57.99599990844726,-0.8530815660953521,-0.6404236912727356,-2.1528692603111272,-0.7277448713779449,-0.7350966870784761,-0.8048889935016632,93.29,17.1508,6996304.035553924,0.8855131733475019
Latin America & Caribbean,Panama,15029.067376938689,4.264232042410237,44.05103725247472,43.80966451080509,29.63316266816165,6.926,26.829486310030745,50.533985620206984,4217842.181818182,68.087,77.9653,12.549999999999999,8.098074243816455,1211.0459730355556,7.962820636666667,2.024285714285714,48.5,93.7992665854027,96.63660510327145,77.95916366577148,49.96437348372644,95.95107877763044,-0.5685564577579497,0.07999743670225154,0.2955626606941225,0.3330235153436661,-0.17756056687794627,0.5468656599521635,93.88,62.8807,10709806.854798937,2.6810652884840414
Latin America & Caribbean,Peru,6430.099837165349,2.405053580403733,25.19980124534566,23.866064344555515,18.9749991953125,4.239636363636364,32.1058918925949,63.81807273268852,32240437.09090909,78.12372727272727,75.5196,14.25,8.59449550187009,368.7306857633333,5.440530406666666,1.6025,75.4,92.38348253055078,108.06607742309579,101.94220886230455,72.23139572143555,94.10857282366074,-0.6011585175991059,-0.3084738090634348,-0.3583371981978417,0.37307500317692766,-0.5134643793106081,0.19780584983527655,95.08,60.40824545454545,13584547.784,1.720462361836379
East Asia & Pacific,Philippines,3344.9755349223287,4.929558166822576,27.37608611710811,37.61925350401112,42.2996277291478,2.671181818181818,29.56688005213429,73.92278586963626,110371538.63636364,47.232727272727274,69.37349999999999,22.45,4.51681158992044,147.674423217,4.50371666,0.97625,99.5,93.22117588680858,95.9907247943743,84.99702414919844,35.93195924945166,97.6433334350586,-0.5249784380197525,0.09043854270130401,-0.9144836604595176,0.09030163101851933,-0.5114537477493286,0.02478042319417004,94.01,51.91765,32478371,1.231742165035206
Middle East & North Africa,Qatar,65022.58166038233,1.798836004221016,56.69298795370389,36.4937778391519,6.344647519582245,0.13963636363636364,59.196567795035264,22.567305225216458,2564442.8181818184,99.16372727272727,81.9161,5.640000000000001,1.2571227221306844,2025.4289143888889,3.0955468544444447,1.0333333333333334,5.7,99.96438718388046,100.3305557915976,101.23190417908432,21.500546648615135,97.75,0.7953412950038911,0.896629440784455,0.8283609032630919,0.7121242970228195,0.8218075513839724,-1.1598911881446827,100,97.48051,24431564.125,46.1307755115469
Europe & Central Asia,Romania,10783.788564128896,3.402475786891702,40.40969186527766,44.076098859715266,57.957232267037554,5.431636363636364,28.25208814727518,62.2643221456495,19402347.727272727,54.206272727272726,75.00317073170733,6.2700000000000005,18.539710140992938,675.2808600522222,5.5463424266666665,6.868571428571428,16,99.99999945750369,88.93448638916016,87.22797088623047,52.74805374145508,99.1600036621094,-0.12820690311491478,-0.07652645162306725,0.30203681774437413,0.4340165555477142,0.37090336233377463,0.5350924581289291,99.61,73.22493636363636,3732080.8,4.04757380670724
Europe & Central Asia,Russian Federation,9873.142134232954,1.4538367232722247,26.78552350646965,19.672964680319136,13.159700235759336,4.625363636363637,30.649010524592125,51.15822872690843,144693352.72727272,74.65172727272727,71.88151219512196,5.14,15.052002075988645,700.5726860877778,6.007433944444444,7.30875,14.3,96.71202445352715,99.9321640007788,95.3963297362675,74.27715006809808,99.9300003051758,-0.9273989796638491,-0.28528535142540934,-0.8171344637870787,-0.6282320946454997,-0.8958895266056055,-1.125925338268279,99.46000000000001,82.1327,85419059.625,12.871978020569282
Sub-Saharan Africa,Rwanda,853.9418986990468,6.878481857379214,20.283490561993762,35.30858704538834,79.84069031211999,12.398818181818182,18.851199804216442,74.50522302279182,12788480.545454545,17.39727272727273,66.4541,32.19,3.3813102809803453,55.13410992111111,6.950521521111111,0.7257142857142856,264.5,61.40632187620665,143.1921450903562,42.69390397932276,7.616639469746782,75.7075023651123,0.5990344107151032,0.1286342137493193,0.019181927689351168,0.07965622320771218,0.10925284251570702,-1.0649990379810332,39.910000000000004,20.91253,911134.5639033762,0.10959714642985491
Middle East & North Africa,Saudi Arabia,24253.408920783862,3.04640002374138,32.18899016126369,26.235600826186044,80.76626164237635,5.673272727272727,46.61338116238027,43.40610047295179,31257492.363636363,84.06518181818181,77.9757,6.14,2.495179872858678,1471.48091634,5.700228533333333,2.14,8.7,98.6621004167373,103.0875201867275,106.55032412090225,69.4685869309073,96.9499994913737,0.2629591433331371,0.32644016221165667,-0.5139687687158584,0.13749371711164712,0.20119365900754926,-1.659888637065886,99.98,90.02561818181819,34327345.11125,19.326340527429778
Sub-Saharan Africa,Senegal,1354.115442983242,5.460317002133917,23.552818349419056,40.62975153118469,48.629823923544386,3.9050000000000002,23.75581581673121,69.18135166078744,16342102,47.69509090909091,67.21170000000001,34.73,3.53904330898905,62.65040122222222,4.419072311111111,0.7166666666666667,297.1,81.489746667463,84.48205226394407,46.42139084933771,13.093453146673083,47.56500053405763,-0.0020116999512538574,-0.21454852316528555,-0.12889660261571415,-0.24744991362094879,-0.22321715056896216,0.2461593598127366,65.85,40.38089,205678.50331998913,0.6636165810847219
East Asia & Pacific,Singapore,61673.5879783367,3.2869418890774527,179.33315605318492,148.13782256060628,0.92426696987476,3.770909090909091,23.62062322934342,33.50126691100856,5663400.909090909,100,83.05000000000001,2.0100000000000002,11.066414352801907,3015.162462021111,4.530311054444445,2.47375,12.1,100,100.32354198541022,104.718212606425,91.78173576558254,97.17500019073486,2.089698457717894,2.236416602134703,1.425606143474579,2.198973655700683,1.799901640415191,-0.13301161564886563,100,88.8734,29292819.42709775,9.804815230681054
Europe & Central Asia,Spain,27184.658185386135,2.1361259414961555,34.89919186950044,32.08336369152201,52.415459000027774,16.319909090909093,20.01756736374666,56.85838366474282,47232483,80.57254545454546,83.23634146341465,2.66,19.500170535109827,2704.472086588889,9.446506077777778,2.9625000000000004,3.5,99.92605505630539,102.69002761840821,120.58311004638671,91.52541580200196,98.53499857584633,0.6421530365943908,0.9798848390579231,0.3252836301922798,0.8484192550182347,0.9136791944503786,1.0382407844066626,100,88.15067272727272,61356005.99975,5.36634292367396
South Asia,Sri Lanka,4214.270249833575,1.736407314835541,19.772548035475946,25.297366229077493,45.28669547206478,4.710727272727273,29.110845033659817,64.08749917337722,21644727.272727273,18.677818181818182,76.5294,6.41,10.369390004869745,147.66360304111112,3.7880672333333334,3.882857142857143,22.6,88.09457314660189,95.39867044898685,92.222479103083,19.17844809795743,92.33225259968873,-0.365946152806282,-0.1359013345558196,-0.24676606189459563,-0.2679899878799916,-0.007976236667309431,-0.17752874847501512,98.14,31.34878,4241615.125,0.998087011712729
Middle East & North Africa,Syrian Arab Republic,771.5494336858193,-1.8322544244632806,14.029206424367143,37.95082443844896,75.36760442193541,13.887272727272727,17.178056195743885,97.61880936962122,21041452.90909091,54.800636363636364,68.7211,22.33,4.460991895660609,36.312122134444444,3.936637428888889,1.39625,23.4,93.7000490355118,73.84964294433594,39.27266159057618,45.35251235961913,94.4199981689453,-1.672278499603272,-1.719644689559936,-2.759888458251953,-1.7598769783973691,-1.930477690696716,-1.931083881855012,89,31.843233333333334,192194.5707764981,1.2720114841098302
Sub-Saharan Africa,Tanzania,1025.5058649236523,5.387796168240666,16.184272403641923,19.535252251183042,44.11362610069993,2.4594545454545456,26.727851186342193,58.022128937277884,59286746.09090909,34.508272727272725,65.493,35.83,2.996403660041681,37.223316615555554,3.7438970933333335,0.562,298.9,55.11590552434132,92.17141629795157,28.207956690416786,4.491326157046097,79.55700708969452,-0.4861500829458238,-0.6537213146686554,-0.4137345910072328,-0.567495995759964,-0.4806761682033537,-0.4455887809395791,36.39,16.50147,1250773.05675,0.27093477115611686
East Asia & Pacific,Thailand,6120.994320542793,1.8813638199407205,64.09696007855678,57.835262736100375,44.99414672434379,0.8047272727272727,34.58534987213859,52.463463665053794,71286375.54545455,50.666909090909094,76.7627,9.26,12.44959672281096,278.98569912333335,4.20593185,2.17625,42.4,99.51906124604166,103.13958298726236,95.7446471208318,45.755150373280266,92.1979995727539,-0.47690678536891923,0.22154526859521861,-0.6759125709533691,0.08356250366196027,0.017775729205459393,-0.8445295780897143,99.85,66.32381818181818,53669019.11306337,3.868410925666687
Sub-Saharan Africa,Togo,813.2978069611265,4.953889788851613,24.90906034115311,36.661458417915526,70.23349880492738,2.4002727272727276,20.808469956731976,77.58540879306598,8475484.545454545,42.277454545454546,60.6926,41.04,3.00177355101598,50.181414286666666,6.011214255555555,0.6383333333333333,422,66.68174402809616,119.05847292806045,62.41855344284237,12.387519725430243,65.95207264346658,-0.7271839559078217,-0.948412519693376,-0.657171568274498,-0.7193873196840285,-0.6608801007270813,-0.7209778606891631,51.39,20.46124,502000.5049900545,0.24799866709906174
Middle East & North Africa,Tunisia,3997.997537355791,1.0375987705672067,44.148862566730955,54.41206177365131,62.59236611740474,15.799363636363637,23.96788877782987,73.16198929785763,11828715.636363637,69.28263636363636,75.1267,14.1,8.023267357898632,246.22344462222222,6.449962985555556,1.93375,41.3,95.59223813431134,105.24737040201822,87.02479044596353,33.26820697784424,81.8000015258789,-0.1692520968616008,-0.14244518256746228,-0.8296731352806089,-0.4161579638719557,0.009664267115294924,0.1290195792913436,99.93,60.84303,3420245.25,2.574205178344618
Europe & Central Asia,Turkiye,12599.332620880632,4.800805257301019,29.688750558351224,31.26101578512462,49.615399607603656,10.920727272727273,28.60987415575744,58.14842729181982,82030382.18181819,75.57190909090909,76.8808,9.56,8.717979965415953,425.11682468000004,4.2519479066666666,2.7642857142857142,18.5,96.66493730514064,103.9199795193142,111.27603997124578,111.27835761176225,96.1750005086263,-0.3121693432331084,-0.02152944966219351,-1.339230895042419,0.033945730887353344,-0.3528008751571178,-0.7206737101078035,100,71.69254545454545,91247353.10975,5.069845033906104
Middle East & North Africa,United Arab Emirates,42603.3174843101,3.0871825529334753,99.52307511319216,77.2209085516231,5.44871402421853,2.456272727272727,45.84643765962445,41.211494407503764,9447943.818181818,86.75,81.8109,5.14,1.5709130759786674,1899.83573405,4.356797455555555,1.61125,3.5,99.97324095158534,107.07471376140742,101.8230963850181,57.71748658467596,98.21399841308596,1.111353552341461,1.413015496730804,0.6637239813804626,1.0090603709220898,0.7827120602130891,-1.117470908164979,100,96.71999090909091,73914326.76125,21.76878333535525
Europe & Central Asia,Uzbekistan,3239.067244377573,5.9227219709122885,20.3489861798898,31.573873214773,58.157787102639674,5.058727272727273,28.3288733168268,66.58231310582559,33108860.545454547,50.56163636363636,71.7389,15.64,5.2057782137049475,122.40114424111111,5.660774496666667,4.495,29.2,95.17265305113212,96.75028707652778,94.61419745680747,20.733402207500028,99.99142892020089,-1.0466484963893892,-0.5393180549144745,-0.281998959183693,-1.126065039634704,-1.044298857450486,-1.640331709384916,99.95,61.99953,2460567.125,3.753689667167625
East Asia & Pacific,Viet Nam,3178.3809643658496,6.179701806199822,82.60916327861713,78.78842463721944,38.67653360330911,1.705,36.38699155507331,56.746713338213134,96829622.0909091,36.63881818181818,74.27799999999999,14.94,7.426622495180906,151.64518822666668,4.746870833333333,2.5,53.3,95.024838650863515,104.19518886577609,92.1939480865531,33.7174140203752,95.939998626709,-0.4458945453166962,0.07195273302495482,0.03131816014647485,-0.4245554506778717,-0.13010564707219593,-1.360984301567078,99.67,65.54359090909091,35064445.534,2.937222905650827
